{"validation_loss": 5.132098227739334, "bleu": 4.100234488264817, "training_time": 14.60370922088623, "tokens_per_sec": 256571.36443327882}