{"validation_loss": 5.2397502064704895, "bleu": 4.723296160082299, "training_time": 14.566341161727905, "tokens_per_sec": 257120.61311569248}