{"validation_loss": 5.165680438280106, "bleu": 4.618022167713388, "training_time": 14.5473473072052, "tokens_per_sec": 257538.3651203294}