{"validation_loss": 5.3758580684661865, "bleu": 2.6011898155283113, "training_time": 14.639949083328247, "tokens_per_sec": 255865.0856961369}