{"validation_loss": 5.151476711034775, "bleu": 4.74114825596284, "training_time": 14.557636260986328, "tokens_per_sec": 257093.9476996616}