{"validation_loss": 5.153415322303772, "bleu": 3.645987973956498, "training_time": 14.548715591430664, "tokens_per_sec": 257364.6075759384}