{"validation_loss": 5.549638211727142, "bleu": 2.637278045082705, "training_time": 14.630654335021973, "tokens_per_sec": 255903.93811988336}