{"validation_loss": 5.9949334263801575, "bleu": 0.280945723601388, "training_time": 15.174980401992798, "tokens_per_sec": 252554.8203420272}