{"validation_loss": 5.243000268936157, "bleu": 4.50289916547593, "training_time": 14.54431700706482, "tokens_per_sec": 257520.2702465687}