{"validation_loss": 5.197455108165741, "bleu": 3.2001345794790246, "training_time": 14.56390905380249, "tokens_per_sec": 257145.4049409716}