{"validation_loss": 5.194556474685669, "bleu": 3.5335644694387525, "training_time": 7.5692360401153564, "tokens_per_sec": 250080.8915030922}