{"validation_loss": 5.358810245990753, "bleu": 4.486670385613983, "training_time": 7.5897462368011475, "tokens_per_sec": 249659.61868408573}