{"validation_loss": 5.211538136005402, "bleu": 5.051105058087557, "training_time": 7.826537132263184, "tokens_per_sec": 248657.19388817385}