{"validation_loss": 5.563643455505371, "bleu": 2.3054049710627926, "training_time": 7.592702865600586, "tokens_per_sec": 249755.46226676545}