{"validation_loss": 5.358810245990753, "bleu": 4.486670385613983, "training_time": 7.822021961212158, "tokens_per_sec": 250956.81472680037}