{"validation_loss": 5.8105385303497314, "bleu": 2.304429159041998, "training_time": 7.549170732498169, "tokens_per_sec": 250587.9143586231}