{"validation_loss": 5.395101249217987, "bleu": 3.5511974806731033, "training_time": 7.582401275634766, "tokens_per_sec": 249827.45571300498}