{"validation_loss": 5.8105385303497314, "bleu": 2.304429159041998, "training_time": 7.752431869506836, "tokens_per_sec": 251728.73319621367}