{"validation_loss": 5.181145191192627, "bleu": 3.794435742632092, "training_time": 7.5927369594573975, "tokens_per_sec": 249639.07256467448}