{"validation_loss": 6.406112968921661, "bleu": 1.764255305236415, "training_time": 9.099522352218628, "tokens_per_sec": 242581.04360211786}