{"validation_loss": 5.181145191192627, "bleu": 3.794435742632092, "training_time": 7.7216856479644775, "tokens_per_sec": 249598.8086486783}