{"validation_loss": 5.194556474685669, "bleu": 3.5335644694387525, "training_time": 7.728220224380493, "tokens_per_sec": 250285.27377024767}