{"validation_loss": 5.239074170589447, "bleu": 3.3048228254011356, "training_time": 7.789323568344116, "tokens_per_sec": 251010.03921344614}