{"validation_loss": 5.257022142410278, "bleu": 3.5803861003225133, "training_time": 7.686575412750244, "tokens_per_sec": 249748.76217713216}