{"validation_loss": 5.239074170589447, "bleu": 3.3048228254011356, "training_time": 7.585641860961914, "tokens_per_sec": 249835.90169592696}