{"validation_loss": 5.257022142410278, "bleu": 3.5803861003225133, "training_time": 7.619117498397827, "tokens_per_sec": 249028.7475692015}