{"validation_loss": 5.395101249217987, "bleu": 3.5511974806731033, "training_time": 7.769210338592529, "tokens_per_sec": 250916.01835016237}