{"validation_loss": 5.211538136005402, "bleu": 5.051105058087557, "training_time": 7.64289665222168, "tokens_per_sec": 248763.54849653243}