{"validation_loss": 6.406112968921661, "bleu": 1.764255305236415, "training_time": 8.580697298049927, "tokens_per_sec": 243786.25062011945}