{"validation_loss": 5.563643455505371, "bleu": 2.3054049710627926, "training_time": 7.8591320514678955, "tokens_per_sec": 250897.72792739267}