{"validation_loss": 5.655988335609436, "bleu": 2.988675489832958}