{"validation_loss": 5.378363013267517, "bleu": 2.621628678395643}